Timestamp,Scenario,Engine_Fault_State,EGT_Sensor_Health,Vibration_Sensor_Health,RunID,TimeStep,Prediction_FullDBN,Prediction_VanillaDBN,Prediction_RuleBased
2025-05-01 11:10:15.412332,Normal,Normal,OK,OK,0,0,Normal_Predicted,Normal_Predicted,Normal_Predicted
2025-05-01 11:10:16.412332,Normal,Normal,OK,OK,0,1,Normal_Predicted,Normal_Predicted,Normal_Predicted
2025-05-01 11:10:17.412332,Normal,Normal,OK,OK,0,2,Normal_Predicted,Normal_Predicted,Normal_Predicted
2025-05-01 11:10:18.412332,Normal,Normal,OK,OK,0,3,Normal_Predicted,Normal_Predicted,Normal_Predicted
2025-05-01 11:10:19.412332,Normal,Normal,OK,OK,0,4,Normal_Predicted,Normal_Predicted,Normal_Predicted
2025-05-01 11:10:20.412332,Normal,Normal,OK,OK,0,5,Normal_Predicted,Normal_Predicted,Normal_Predicted
2025-05-01 11:10:21.412332,Normal,Normal,OK,OK,0,6,Normal_Predicted,Normal_Predicted,Normal_Predicted
2025-05-01 11:10:22.412332,Normal,Normal,OK,OK,0,7,Normal_Predicted,Normal_Predicted,Normal_Predicted
2025-05-01 11:10:23.412332,Normal,Normal,OK,OK,0,8,Normal_Predicted,Normal_Predicted,Normal_Predicted
2025-05-01 11:10:24.412332,Normal,Normal,OK,OK,0,9,Normal_Predicted,Normal_Predicted,Normal_Predicted
2025-05-01 11:10:25.412332,Normal,Normal,OK,OK,0,10,Normal_Predicted,Normal_Predicted,Normal_Predicted
2025-05-01 11:10:26.412332,Normal,Normal,OK,OK,0,11,Normal_Predicted,Normal_Predicted,Normal_Predicted
2025-05-01 11:10:27.412332,Normal,Normal,OK,OK,0,12,Normal_Predicted,Normal_Predicted,Normal_Predicted
2025-05-01 11:10:28.412332,Normal,Normal,OK,OK,0,13,Normal_Predicted,Normal_Predicted,Normal_Predicted
2025-05-01 11:10:29.412332,Normal,Normal,OK,OK,0,14,Normal_Predicted,Normal_Predicted,Normal_Predicted
2025-05-01 11:10:30.412332,Normal,Normal,OK,OK,0,15,Normal_Predicted,Normal_Predicted,Normal_Predicted
2025-05-01 11:10:31.412332,Normal,Normal,OK,OK,0,16,Normal_Predicted,Normal_Predicted,Normal_Predicted
2025-05-01 11:10:32.412332,Normal,Normal,OK,OK,0,17,Normal_Predicted,Normal_Predicted,Normal_Predicted
2025-05-01 11:10:33.412332,Normal,Normal,OK,OK,0,18,Normal_Predicted,Normal_Predicted,Normal_Predicted
2025-05-01 11:10:34.412332,Normal,Normal,OK,OK,0,19,Normal_Predicted,Normal_Predicted,Normal_Predicted
2025-05-01 11:10:35.412332,Normal,Normal,OK,OK,0,20,Normal_Predicted,Normal_Predicted,Normal_Predicted
2025-05-01 11:10:36.412332,Normal,Normal,OK,OK,0,21,Normal_Predicted,Normal_Predicted,Normal_Predicted
2025-05-01 11:10:37.412332,Normal,Normal,OK,OK,0,22,Normal_Predicted,Normal_Predicted,Normal_Predicted
2025-05-01 11:10:38.412332,Normal,Normal,OK,OK,0,23,Normal_Predicted,Normal_Predicted,Normal_Predicted
2025-05-01 11:10:39.412332,Normal,Normal,OK,OK,0,24,Normal_Predicted,Normal_Predicted,Normal_Predicted
2025-05-01 11:10:40.412332,Normal,Normal,OK,OK,0,25,Normal_Predicted,Normal_Predicted,Normal_Predicted
2025-05-01 11:10:41.412332,Normal,Normal,OK,OK,0,26,Normal_Predicted,Normal_Predicted,Normal_Predicted
2025-05-01 11:10:42.412332,Normal,Normal,OK,OK,0,27,Normal_Predicted,Normal_Predicted,Normal_Predicted
2025-05-01 11:10:43.412332,Normal,Normal,OK,OK,0,28,Normal_Predicted,Normal_Predicted,Normal_Predicted
2025-05-01 11:10:44.412332,Normal,Normal,OK,OK,0,29,Normal_Predicted,Normal_Predicted,Normal_Predicted
2025-05-01 11:10:45.412332,Normal,Normal,OK,OK,0,30,Normal_Predicted,Normal_Predicted,Normal_Predicted
2025-05-01 11:10:46.412332,Normal,Normal,OK,OK,0,31,Normal_Predicted,Normal_Predicted,Normal_Predicted
2025-05-01 11:10:47.412332,Normal,Normal,OK,OK,0,32,Normal_Predicted,Normal_Predicted,Normal_Predicted
2025-05-01 11:10:48.412332,Normal,Normal,OK,OK,0,33,Normal_Predicted,Normal_Predicted,Normal_Predicted
2025-05-01 11:10:49.412332,Normal,Normal,OK,OK,0,34,Normal_Predicted,Normal_Predicted,Normal_Predicted
2025-05-01 11:10:50.412332,Normal,Normal,OK,OK,0,35,Normal_Predicted,Normal_Predicted,Normal_Predicted
2025-05-01 11:10:51.412332,Normal,Normal,OK,OK,0,36,Normal_Predicted,Normal_Predicted,Normal_Predicted
2025-05-01 11:10:52.412332,Normal,Normal,OK,OK,0,37,Normal_Predicted,Normal_Predicted,Normal_Predicted
2025-05-01 11:10:53.412332,Normal,Normal,OK,OK,0,38,Normal_Predicted,Normal_Predicted,Normal_Predicted
2025-05-01 11:10:54.412332,Normal,Normal,OK,OK,0,39,Normal_Predicted,Normal_Predicted,Normal_Predicted
2025-05-01 11:10:55.412332,Normal,Normal,OK,OK,0,40,Normal_Predicted,Normal_Predicted,Normal_Predicted
2025-05-01 11:10:56.412332,Normal,Normal,OK,OK,0,41,Normal_Predicted,Normal_Predicted,Normal_Predicted
2025-05-01 11:10:57.412332,Normal,Normal,OK,OK,0,42,Normal_Predicted,Normal_Predicted,Normal_Predicted
2025-05-01 11:10:58.412332,Normal,Normal,OK,OK,0,43,Normal_Predicted,Normal_Predicted,Normal_Predicted
2025-05-01 11:10:59.412332,Normal,Normal,OK,OK,0,44,Normal_Predicted,Normal_Predicted,Normal_Predicted
2025-05-01 11:11:00.412332,Normal,Normal,OK,OK,0,45,Normal_Predicted,Normal_Predicted,Normal_Predicted
2025-05-01 11:11:01.412332,Normal,Normal,OK,OK,0,46,Normal_Predicted,Normal_Predicted,Normal_Predicted
2025-05-01 11:11:02.412332,Normal,Normal,OK,OK,0,47,Normal_Predicted,Normal_Predicted,Normal_Predicted
2025-05-01 11:11:03.412332,Normal,Normal,OK,OK,0,48,Normal_Predicted,Normal_Predicted,Normal_Predicted
2025-05-01 11:11:04.412332,Normal,Normal,OK,OK,0,49,Normal_Predicted,Normal_Predicted,Normal_Predicted
2025-05-01 11:11:05.412332,Normal,Normal,OK,OK,0,50,Normal_Predicted,Normal_Predicted,Normal_Predicted
2025-05-01 11:11:06.412332,Normal,Normal,OK,OK,0,51,Normal_Predicted,Normal_Predicted,Normal_Predicted
2025-05-01 11:11:07.412332,Normal,Normal,OK,OK,0,52,Normal_Predicted,Normal_Predicted,Normal_Predicted
2025-05-01 11:11:08.412332,Normal,Normal,OK,OK,0,53,Normal_Predicted,Normal_Predicted,Normal_Predicted
2025-05-01 11:11:09.412332,Normal,Normal,OK,OK,0,54,Normal_Predicted,Normal_Predicted,Normal_Predicted
2025-05-01 11:11:10.412332,Normal,Normal,OK,OK,0,55,Normal_Predicted,Normal_Predicted,Normal_Predicted
2025-05-01 11:11:11.412332,Normal,Normal,OK,OK,0,56,Normal_Predicted,Normal_Predicted,Normal_Predicted
2025-05-01 11:11:12.412332,Normal,Normal,OK,OK,0,57,Normal_Predicted,Normal_Predicted,Normal_Predicted
2025-05-01 11:11:13.412332,Normal,Normal,OK,OK,0,58,Normal_Predicted,Normal_Predicted,Normal_Predicted
2025-05-01 11:11:14.412332,Normal,Normal,OK,OK,0,59,Normal_Predicted,Normal_Predicted,Normal_Predicted
2025-05-01 11:11:15.412332,Normal,Normal,OK,OK,0,60,Normal_Predicted,Normal_Predicted,Normal_Predicted
2025-05-01 11:11:16.412332,Normal,Normal,OK,OK,0,61,Normal_Predicted,Normal_Predicted,Normal_Predicted
2025-05-01 11:11:17.412332,Normal,Normal,OK,OK,0,62,Normal_Predicted,Normal_Predicted,Normal_Predicted
2025-05-01 11:11:18.412332,Normal,Normal,OK,OK,0,63,Normal_Predicted,Normal_Predicted,Normal_Predicted
2025-05-01 11:11:19.412332,Normal,Normal,OK,OK,0,64,Normal_Predicted,Normal_Predicted,Normal_Predicted
2025-05-01 11:11:20.412332,Normal,Normal,OK,OK,0,65,Normal_Predicted,Normal_Predicted,Normal_Predicted
2025-05-01 11:11:21.412332,Normal,Normal,OK,OK,0,66,Normal_Predicted,Normal_Predicted,Normal_Predicted
2025-05-01 11:11:22.412332,Normal,Normal,OK,OK,0,67,Normal_Predicted,Normal_Predicted,Normal_Predicted
2025-05-01 11:11:23.412332,Normal,Normal,OK,OK,0,68,Normal_Predicted,Normal_Predicted,Normal_Predicted
2025-05-01 11:11:24.412332,Normal,Normal,OK,OK,0,69,Normal_Predicted,Normal_Predicted,Normal_Predicted
2025-05-01 11:11:25.412332,Normal,Normal,OK,OK,0,70,Normal_Predicted,Normal_Predicted,Normal_Predicted
2025-05-01 11:11:26.412332,Normal,Normal,OK,OK,0,71,Normal_Predicted,Normal_Predicted,Normal_Predicted
2025-05-01 11:11:27.412332,Normal,Normal,OK,OK,0,72,Normal_Predicted,Normal_Predicted,Normal_Predicted
2025-05-01 11:11:28.412332,Normal,Normal,OK,OK,0,73,Normal_Predicted,Normal_Predicted,Normal_Predicted
2025-05-01 11:11:29.412332,Normal,Normal,OK,OK,0,74,Normal_Predicted,Normal_Predicted,Normal_Predicted
2025-05-01 11:11:30.412332,Normal,Normal,OK,OK,0,75,Normal_Predicted,Normal_Predicted,Normal_Predicted
2025-05-01 11:11:31.412332,Normal,Normal,OK,OK,0,76,Normal_Predicted,Normal_Predicted,Normal_Predicted
2025-05-01 11:11:32.412332,Normal,Normal,OK,OK,0,77,Normal_Predicted,Normal_Predicted,Normal_Predicted
2025-05-01 11:11:33.412332,Normal,Normal,OK,OK,0,78,Normal_Predicted,OilLeak_Predicted,Normal_Predicted
2025-05-01 11:11:34.412332,Normal,Normal,OK,OK,0,79,Normal_Predicted,Normal_Predicted,Normal_Predicted
2025-05-01 11:11:35.412332,Normal,Normal,OK,OK,0,80,Normal_Predicted,Normal_Predicted,Normal_Predicted
2025-05-01 11:11:36.412332,Normal,Normal,OK,OK,0,81,Normal_Predicted,Normal_Predicted,Normal_Predicted
2025-05-01 11:11:37.412332,Normal,Normal,OK,OK,0,82,Normal_Predicted,Normal_Predicted,Normal_Predicted
2025-05-01 11:11:38.412332,Normal,Normal,OK,OK,0,83,Normal_Predicted,Normal_Predicted,Normal_Predicted
2025-05-01 11:11:39.412332,Normal,Normal,OK,OK,0,84,Normal_Predicted,Normal_Predicted,Normal_Predicted
2025-05-01 11:11:40.412332,Normal,Normal,OK,OK,0,85,Normal_Predicted,Normal_Predicted,Normal_Predicted
2025-05-01 11:11:41.412332,Normal,Normal,OK,OK,0,86,Normal_Predicted,Normal_Predicted,Normal_Predicted
2025-05-01 11:11:42.412332,Normal,Normal,OK,OK,0,87,Normal_Predicted,Normal_Predicted,Normal_Predicted
2025-05-01 11:11:43.412332,Normal,Normal,OK,OK,0,88,Normal_Predicted,Normal_Predicted,Normal_Predicted
2025-05-01 11:11:44.412332,Normal,Normal,OK,OK,0,89,Normal_Predicted,Normal_Predicted,Normal_Predicted
2025-05-01 11:11:45.412332,Normal,Normal,OK,OK,0,90,Normal_Predicted,Normal_Predicted,Normal_Predicted
2025-05-01 11:11:46.412332,Normal,Normal,OK,OK,0,91,Normal_Predicted,Normal_Predicted,Normal_Predicted
2025-05-01 11:11:47.412332,Normal,Normal,OK,OK,0,92,Normal_Predicted,Normal_Predicted,Normal_Predicted
2025-05-01 11:11:48.412332,Normal,Normal,OK,OK,0,93,Normal_Predicted,Normal_Predicted,Normal_Predicted
2025-05-01 11:11:49.412332,Normal,Normal,OK,OK,0,94,Normal_Predicted,Normal_Predicted,Normal_Predicted
2025-05-01 11:11:50.412332,Normal,Normal,OK,OK,0,95,Normal_Predicted,Normal_Predicted,Normal_Predicted
2025-05-01 11:11:51.412332,Normal,Normal,OK,OK,0,96,Normal_Predicted,Normal_Predicted,Normal_Predicted
2025-05-01 11:11:52.412332,Normal,Normal,OK,OK,0,97,Normal_Predicted,Normal_Predicted,Normal_Predicted
2025-05-01 11:11:53.412332,Normal,Normal,OK,OK,0,98,Normal_Predicted,Normal_Predicted,Normal_Predicted
2025-05-01 11:11:54.412332,Normal,Normal,OK,OK,0,99,Normal_Predicted,Normal_Predicted,Normal_Predicted
2025-05-01 11:11:55.412332,Normal,Normal,OK,OK,0,100,Normal_Predicted,Normal_Predicted,Normal_Predicted
2025-05-01 11:11:56.412332,Normal,Normal,OK,OK,0,101,Normal_Predicted,Normal_Predicted,Normal_Predicted
2025-05-01 11:11:57.412332,Normal,Normal,OK,OK,0,102,Normal_Predicted,Normal_Predicted,Normal_Predicted
2025-05-01 11:11:58.412332,Normal,Normal,OK,OK,0,103,Normal_Predicted,Normal_Predicted,Normal_Predicted
2025-05-01 11:11:59.412332,Normal,Normal,OK,OK,0,104,Normal_Predicted,Normal_Predicted,Normal_Predicted
2025-05-01 11:12:00.412332,Normal,Normal,OK,OK,0,105,Normal_Predicted,Normal_Predicted,Normal_Predicted
2025-05-01 11:12:01.412332,Normal,Normal,OK,OK,0,106,Normal_Predicted,Normal_Predicted,Normal_Predicted
2025-05-01 11:12:02.412332,Normal,Normal,OK,OK,0,107,Normal_Predicted,Normal_Predicted,Normal_Predicted
2025-05-01 11:12:03.412332,Normal,Normal,OK,OK,0,108,Normal_Predicted,OilLeak_Predicted,Normal_Predicted
2025-05-01 11:12:04.412332,Normal,Normal,OK,OK,0,109,Normal_Predicted,OilLeak_Predicted,Normal_Predicted
2025-05-01 11:12:05.412332,Normal,Normal,OK,OK,0,110,Normal_Predicted,OilLeak_Predicted,Normal_Predicted
2025-05-01 11:12:06.412332,Normal,Normal,OK,OK,0,111,Normal_Predicted,OilLeak_Predicted,Normal_Predicted
2025-05-01 11:12:07.412332,Normal,Normal,OK,OK,0,112,Normal_Predicted,OilLeak_Predicted,Normal_Predicted
2025-05-01 11:12:08.412332,Normal,Normal,OK,OK,0,113,Normal_Predicted,OilLeak_Predicted,Normal_Predicted
2025-05-01 11:12:09.412332,Normal,Normal,OK,OK,0,114,Normal_Predicted,OilLeak_Predicted,Normal_Predicted
2025-05-01 11:12:10.412332,Normal,Normal,OK,OK,0,115,Normal_Predicted,OilLeak_Predicted,Normal_Predicted
2025-05-01 11:12:11.412332,Normal,Normal,OK,OK,0,116,Normal_Predicted,OilLeak_Predicted,Normal_Predicted
2025-05-01 11:12:12.412332,Normal,Normal,OK,OK,0,117,Normal_Predicted,OilLeak_Predicted,Normal_Predicted
2025-05-01 11:12:13.412332,Normal,Normal,OK,OK,0,118,Normal_Predicted,OilLeak_Predicted,Normal_Predicted
2025-05-01 11:12:14.412332,Normal,Normal,OK,OK,0,119,Normal_Predicted,OilLeak_Predicted,Normal_Predicted
2025-05-01 11:12:15.841435,OilLeak,Normal,OK,OK,0,0,Normal_Predicted,Normal_Predicted,Normal_Predicted
2025-05-01 11:12:16.841435,OilLeak,Normal,OK,OK,0,1,Normal_Predicted,Normal_Predicted,Normal_Predicted
2025-05-01 11:12:17.841435,OilLeak,Normal,OK,OK,0,2,Normal_Predicted,Normal_Predicted,Normal_Predicted
2025-05-01 11:12:18.841435,OilLeak,Normal,OK,OK,0,3,Normal_Predicted,Normal_Predicted,Normal_Predicted
2025-05-01 11:12:19.841435,OilLeak,Normal,OK,OK,0,4,Normal_Predicted,Normal_Predicted,Normal_Predicted
2025-05-01 11:12:20.841435,OilLeak,Normal,OK,OK,0,5,Normal_Predicted,Normal_Predicted,Normal_Predicted
2025-05-01 11:12:21.841435,OilLeak,Normal,OK,OK,0,6,Normal_Predicted,Normal_Predicted,Normal_Predicted
2025-05-01 11:12:22.841435,OilLeak,Normal,OK,OK,0,7,Normal_Predicted,Normal_Predicted,Normal_Predicted
2025-05-01 11:12:23.841435,OilLeak,Normal,OK,OK,0,8,Normal_Predicted,Normal_Predicted,Normal_Predicted
2025-05-01 11:12:24.841435,OilLeak,Normal,OK,OK,0,9,Normal_Predicted,Normal_Predicted,Normal_Predicted
2025-05-01 11:12:25.841435,OilLeak,Normal,OK,OK,0,10,Normal_Predicted,Normal_Predicted,Normal_Predicted
2025-05-01 11:12:26.841435,OilLeak,Normal,OK,OK,0,11,Normal_Predicted,Normal_Predicted,Normal_Predicted
2025-05-01 11:12:27.841435,OilLeak,Normal,OK,OK,0,12,Normal_Predicted,Normal_Predicted,Normal_Predicted
2025-05-01 11:12:28.841435,OilLeak,Normal,OK,OK,0,13,Normal_Predicted,Normal_Predicted,Normal_Predicted
2025-05-01 11:12:29.841435,OilLeak,Normal,OK,OK,0,14,Normal_Predicted,Normal_Predicted,Normal_Predicted
2025-05-01 11:12:30.841435,OilLeak,Normal,OK,OK,0,15,Normal_Predicted,Normal_Predicted,Normal_Predicted
2025-05-01 11:12:31.841435,OilLeak,Normal,OK,OK,0,16,Normal_Predicted,BearingWear_Predicted,Normal_Predicted
2025-05-01 11:12:32.841435,OilLeak,Normal,OK,OK,0,17,Normal_Predicted,Normal_Predicted,Normal_Predicted
2025-05-01 11:12:33.841435,OilLeak,Normal,OK,OK,0,18,Normal_Predicted,Normal_Predicted,Normal_Predicted
2025-05-01 11:12:34.841435,OilLeak,Normal,OK,OK,0,19,Normal_Predicted,Normal_Predicted,Normal_Predicted
2025-05-01 11:12:35.841435,OilLeak,Normal,OK,OK,0,20,Normal_Predicted,Normal_Predicted,Normal_Predicted
2025-05-01 11:12:36.841435,OilLeak,Normal,OK,OK,0,21,Normal_Predicted,Normal_Predicted,Normal_Predicted
2025-05-01 11:12:37.841435,OilLeak,Normal,OK,OK,0,22,Normal_Predicted,Normal_Predicted,Normal_Predicted
2025-05-01 11:12:38.841435,OilLeak,Normal,OK,OK,0,23,Normal_Predicted,Normal_Predicted,Normal_Predicted
2025-05-01 11:12:39.841435,OilLeak,Normal,OK,OK,0,24,Normal_Predicted,Normal_Predicted,Normal_Predicted
2025-05-01 11:12:40.841435,OilLeak,Normal,OK,OK,0,25,Normal_Predicted,Normal_Predicted,Normal_Predicted
2025-05-01 11:12:41.841435,OilLeak,Normal,OK,OK,0,26,Normal_Predicted,Normal_Predicted,Normal_Predicted
2025-05-01 11:12:42.841435,OilLeak,Normal,OK,OK,0,27,Normal_Predicted,Normal_Predicted,Normal_Predicted
2025-05-01 11:12:43.841435,OilLeak,Normal,OK,OK,0,28,Normal_Predicted,Normal_Predicted,Normal_Predicted
2025-05-01 11:12:44.841435,OilLeak,Normal,OK,OK,0,29,Normal_Predicted,Normal_Predicted,Normal_Predicted
2025-05-01 11:12:45.841435,OilLeak,Normal,OK,OK,0,30,Normal_Predicted,Normal_Predicted,Normal_Predicted
2025-05-01 11:12:46.841435,OilLeak,Normal,OK,OK,0,31,Normal_Predicted,Normal_Predicted,Normal_Predicted
2025-05-01 11:12:47.841435,OilLeak,Normal,OK,OK,0,32,Normal_Predicted,Normal_Predicted,Normal_Predicted
2025-05-01 11:12:48.841435,OilLeak,Normal,OK,OK,0,33,Normal_Predicted,Normal_Predicted,Normal_Predicted
2025-05-01 11:12:49.841435,OilLeak,Normal,OK,OK,0,34,Normal_Predicted,Normal_Predicted,Normal_Predicted
2025-05-01 11:12:50.841435,OilLeak,Normal,OK,OK,0,35,Normal_Predicted,Normal_Predicted,Normal_Predicted
2025-05-01 11:12:51.841435,OilLeak,Normal,OK,OK,0,36,Normal_Predicted,Normal_Predicted,Normal_Predicted
2025-05-01 11:12:52.841435,OilLeak,Normal,OK,OK,0,37,Normal_Predicted,Normal_Predicted,Normal_Predicted
2025-05-01 11:12:53.841435,OilLeak,Normal,OK,OK,0,38,Normal_Predicted,Normal_Predicted,Normal_Predicted
2025-05-01 11:12:54.841435,OilLeak,Normal,OK,OK,0,39,Normal_Predicted,Normal_Predicted,Normal_Predicted
2025-05-01 11:12:55.841435,OilLeak,Normal,OK,OK,0,40,Normal_Predicted,Normal_Predicted,Normal_Predicted
2025-05-01 11:12:56.841435,OilLeak,Normal,OK,OK,0,41,Normal_Predicted,Normal_Predicted,Normal_Predicted
2025-05-01 11:12:57.841435,OilLeak,Normal,OK,OK,0,42,Normal_Predicted,Normal_Predicted,Normal_Predicted
2025-05-01 11:12:58.841435,OilLeak,Normal,OK,OK,0,43,Normal_Predicted,Normal_Predicted,Normal_Predicted
2025-05-01 11:12:59.841435,OilLeak,Normal,OK,OK,0,44,Normal_Predicted,Normal_Predicted,Normal_Predicted
2025-05-01 11:13:00.841435,OilLeak,Normal,OK,OK,0,45,Normal_Predicted,Normal_Predicted,Normal_Predicted
2025-05-01 11:13:01.841435,OilLeak,Normal,OK,OK,0,46,Normal_Predicted,Normal_Predicted,Normal_Predicted
2025-05-01 11:13:02.841435,OilLeak,Normal,OK,OK,0,47,Normal_Predicted,Normal_Predicted,Normal_Predicted
2025-05-01 11:13:03.841435,OilLeak,OilLeak_Active,OK,OK,0,48,Normal_Predicted,Normal_Predicted,Normal_Predicted
2025-05-01 11:13:04.841435,OilLeak,OilLeak_Active,OK,OK,0,49,Normal_Predicted,Normal_Predicted,Normal_Predicted
2025-05-01 11:13:05.841435,OilLeak,OilLeak_Active,OK,OK,0,50,Normal_Predicted,Normal_Predicted,Normal_Predicted
2025-05-01 11:13:06.841435,OilLeak,OilLeak_Active,OK,OK,0,51,Normal_Predicted,Normal_Predicted,Normal_Predicted
2025-05-01 11:13:07.841435,OilLeak,OilLeak_Active,OK,OK,0,52,Normal_Predicted,Normal_Predicted,Normal_Predicted
2025-05-01 11:13:08.841435,OilLeak,OilLeak_Active,OK,OK,0,53,Normal_Predicted,Normal_Predicted,Normal_Predicted
2025-05-01 11:13:09.841435,OilLeak,OilLeak_Active,OK,OK,0,54,Normal_Predicted,Normal_Predicted,Normal_Predicted
2025-05-01 11:13:10.841435,OilLeak,OilLeak_Active,OK,OK,0,55,Normal_Predicted,OilLeak_Predicted,Normal_Predicted
2025-05-01 11:13:11.841435,OilLeak,OilLeak_Active,OK,OK,0,56,Normal_Predicted,Normal_Predicted,Normal_Predicted
2025-05-01 11:13:12.841435,OilLeak,OilLeak_Active,OK,OK,0,57,Normal_Predicted,Normal_Predicted,Normal_Predicted
2025-05-01 11:13:13.841435,OilLeak,OilLeak_Active,OK,OK,0,58,Normal_Predicted,Normal_Predicted,Normal_Predicted
2025-05-01 11:13:14.841435,OilLeak,OilLeak_Active,OK,OK,0,59,Normal_Predicted,Normal_Predicted,Normal_Predicted
2025-05-01 11:13:15.841435,OilLeak,OilLeak_Active,OK,OK,0,60,Normal_Predicted,Normal_Predicted,Normal_Predicted
2025-05-01 11:13:16.841435,OilLeak,OilLeak_Active,OK,OK,0,61,Normal_Predicted,Normal_Predicted,Normal_Predicted
2025-05-01 11:13:17.841435,OilLeak,OilLeak_Active,OK,OK,0,62,Normal_Predicted,Normal_Predicted,Normal_Predicted
2025-05-01 11:13:18.841435,OilLeak,OilLeak_Active,OK,OK,0,63,Normal_Predicted,Normal_Predicted,Normal_Predicted
2025-05-01 11:13:19.841435,OilLeak,OilLeak_Active,OK,OK,0,64,Normal_Predicted,Normal_Predicted,Normal_Predicted
2025-05-01 11:13:20.841435,OilLeak,OilLeak_Active,OK,OK,0,65,Normal_Predicted,Normal_Predicted,Normal_Predicted
2025-05-01 11:13:21.841435,OilLeak,OilLeak_Active,OK,OK,0,66,Normal_Predicted,Normal_Predicted,Normal_Predicted
2025-05-01 11:13:22.841435,OilLeak,OilLeak_Active,OK,OK,0,67,Normal_Predicted,Normal_Predicted,Normal_Predicted
2025-05-01 11:13:23.841435,OilLeak,OilLeak_Active,OK,OK,0,68,Normal_Predicted,Normal_Predicted,Normal_Predicted
2025-05-01 11:13:24.841435,OilLeak,OilLeak_Active,OK,OK,0,69,Normal_Predicted,Normal_Predicted,Normal_Predicted
2025-05-01 11:13:25.841435,OilLeak,OilLeak_Active,OK,OK,0,70,Normal_Predicted,Normal_Predicted,Normal_Predicted
2025-05-01 11:13:26.841435,OilLeak,OilLeak_Active,OK,OK,0,71,Normal_Predicted,Normal_Predicted,Normal_Predicted
2025-05-01 11:13:27.841435,OilLeak,OilLeak_Active,OK,OK,0,72,Normal_Predicted,Normal_Predicted,Normal_Predicted
2025-05-01 11:13:28.841435,OilLeak,OilLeak_Active,OK,OK,0,73,Normal_Predicted,Normal_Predicted,Normal_Predicted
2025-05-01 11:13:29.841435,OilLeak,OilLeak_Active,OK,OK,0,74,Normal_Predicted,Normal_Predicted,Normal_Predicted
2025-05-01 11:13:30.841435,OilLeak,OilLeak_Active,OK,OK,0,75,Normal_Predicted,Normal_Predicted,Normal_Predicted
2025-05-01 11:13:31.841435,OilLeak,OilLeak_Active,OK,OK,0,76,Normal_Predicted,Normal_Predicted,Normal_Predicted
2025-05-01 11:13:32.841435,OilLeak,OilLeak_Active,OK,OK,0,77,OilLeak_Predicted,OilLeak_Predicted,Normal_Predicted
2025-05-01 11:13:33.841435,OilLeak,OilLeak_Active,OK,OK,0,78,OilLeak_Predicted,OilLeak_Predicted,Normal_Predicted
2025-05-01 11:13:34.841435,OilLeak,OilLeak_Active,OK,OK,0,79,OilLeak_Predicted,OilLeak_Predicted,Normal_Predicted
2025-05-01 11:13:35.841435,OilLeak,OilLeak_Active,OK,OK,0,80,OilLeak_Predicted,OilLeak_Predicted,Normal_Predicted
2025-05-01 11:13:36.841435,OilLeak,OilLeak_Active,OK,OK,0,81,OilLeak_Predicted,OilLeak_Predicted,OilLeak_Predicted
2025-05-01 11:13:37.841435,OilLeak,OilLeak_Active,OK,OK,0,82,OilLeak_Predicted,OilLeak_Predicted,OilLeak_Predicted
2025-05-01 11:13:38.841435,OilLeak,OilLeak_Active,OK,OK,0,83,OilLeak_Predicted,OilLeak_Predicted,OilLeak_Predicted
2025-05-01 11:13:39.841435,OilLeak,OilLeak_Active,OK,OK,0,84,OilLeak_Predicted,OilLeak_Predicted,OilLeak_Predicted
2025-05-01 11:13:40.841435,OilLeak,OilLeak_Active,OK,OK,0,85,OilLeak_Predicted,OilLeak_Predicted,OilLeak_Predicted
2025-05-01 11:13:41.841435,OilLeak,OilLeak_Active,OK,OK,0,86,OilLeak_Predicted,OilLeak_Predicted,OilLeak_Predicted
2025-05-01 11:13:42.841435,OilLeak,OilLeak_Active,OK,OK,0,87,OilLeak_Predicted,OilLeak_Predicted,OilLeak_Predicted
2025-05-01 11:13:43.841435,OilLeak,OilLeak_Active,OK,OK,0,88,OilLeak_Predicted,OilLeak_Predicted,OilLeak_Predicted
2025-05-01 11:13:44.841435,OilLeak,OilLeak_Active,OK,OK,0,89,Normal_Predicted,OilLeak_Predicted,Normal_Predicted
2025-05-01 11:13:45.841435,OilLeak,OilLeak_Active,OK,OK,0,90,OilLeak_Predicted,OilLeak_Predicted,Normal_Predicted
2025-05-01 11:13:46.841435,OilLeak,OilLeak_Active,OK,OK,0,91,OilLeak_Predicted,OilLeak_Predicted,Normal_Predicted
2025-05-01 11:13:47.841435,OilLeak,OilLeak_Active,OK,OK,0,92,OilLeak_Predicted,OilLeak_Predicted,Normal_Predicted
2025-05-01 11:13:48.841435,OilLeak,OilLeak_Active,OK,OK,0,93,OilLeak_Predicted,OilLeak_Predicted,Normal_Predicted
2025-05-01 11:13:49.841435,OilLeak,OilLeak_Active,OK,OK,0,94,OilLeak_Predicted,OilLeak_Predicted,OilLeak_Predicted
2025-05-01 11:13:50.841435,OilLeak,OilLeak_Active,OK,OK,0,95,OilLeak_Predicted,OilLeak_Predicted,OilLeak_Predicted
2025-05-01 11:13:51.841435,OilLeak,OilLeak_Active,OK,OK,0,96,OilLeak_Predicted,OilLeak_Predicted,OilLeak_Predicted
2025-05-01 11:13:52.841435,OilLeak,OilLeak_Active,OK,OK,0,97,OilLeak_Predicted,OilLeak_Predicted,OilLeak_Predicted
2025-05-01 11:13:53.841435,OilLeak,OilLeak_Active,OK,OK,0,98,OilLeak_Predicted,OilLeak_Predicted,OilLeak_Predicted
2025-05-01 11:13:54.841435,OilLeak,OilLeak_Active,OK,OK,0,99,OilLeak_Predicted,OilLeak_Predicted,OilLeak_Predicted
2025-05-01 11:13:55.841435,OilLeak,OilLeak_Active,OK,OK,0,100,OilLeak_Predicted,OilLeak_Predicted,OilLeak_Predicted
2025-05-01 11:13:56.841435,OilLeak,OilLeak_Active,OK,OK,0,101,OilLeak_Predicted,OilLeak_Predicted,OilLeak_Predicted
2025-05-01 11:13:57.841435,OilLeak,OilLeak_Active,OK,OK,0,102,OilLeak_Predicted,OilLeak_Predicted,OilLeak_Predicted
2025-05-01 11:13:58.841435,OilLeak,OilLeak_Active,OK,OK,0,103,OilLeak_Predicted,OilLeak_Predicted,OilLeak_Predicted
2025-05-01 11:13:59.841435,OilLeak,OilLeak_Active,OK,OK,0,104,OilLeak_Predicted,OilLeak_Predicted,OilLeak_Predicted
2025-05-01 11:14:00.841435,OilLeak,OilLeak_Active,OK,OK,0,105,OilLeak_Predicted,OilLeak_Predicted,OilLeak_Predicted
2025-05-01 11:14:01.841435,OilLeak,OilLeak_Active,OK,OK,0,106,OilLeak_Predicted,OilLeak_Predicted,OilLeak_Predicted
2025-05-01 11:14:02.841435,OilLeak,OilLeak_Active,OK,OK,0,107,OilLeak_Predicted,OilLeak_Predicted,OilLeak_Predicted
2025-05-01 11:14:03.841435,OilLeak,OilLeak_Active,OK,OK,0,108,Normal_Predicted,OilLeak_Predicted,Normal_Predicted
2025-05-01 11:14:04.841435,OilLeak,OilLeak_Active,OK,OK,0,109,OilLeak_Predicted,OilLeak_Predicted,Normal_Predicted
2025-05-01 11:14:05.841435,OilLeak,OilLeak_Active,OK,OK,0,110,OilLeak_Predicted,OilLeak_Predicted,Normal_Predicted
2025-05-01 11:14:06.841435,OilLeak,OilLeak_Active,OK,OK,0,111,OilLeak_Predicted,OilLeak_Predicted,Normal_Predicted
2025-05-01 11:14:07.841435,OilLeak,OilLeak_Active,OK,OK,0,112,OilLeak_Predicted,OilLeak_Predicted,Normal_Predicted
2025-05-01 11:14:08.841435,OilLeak,OilLeak_Active,OK,OK,0,113,OilLeak_Predicted,OilLeak_Predicted,OilLeak_Predicted
2025-05-01 11:14:09.841435,OilLeak,OilLeak_Active,OK,OK,0,114,OilLeak_Predicted,OilLeak_Predicted,OilLeak_Predicted
2025-05-01 11:14:10.841435,OilLeak,OilLeak_Active,OK,OK,0,115,OilLeak_Predicted,OilLeak_Predicted,OilLeak_Predicted
2025-05-01 11:14:11.841435,OilLeak,OilLeak_Active,OK,OK,0,116,OilLeak_Predicted,OilLeak_Predicted,OilLeak_Predicted
2025-05-01 11:14:12.841435,OilLeak,OilLeak_Active,OK,OK,0,117,OilLeak_Predicted,OilLeak_Predicted,OilLeak_Predicted
2025-05-01 11:14:13.841435,OilLeak,OilLeak_Active,OK,OK,0,118,OilLeak_Predicted,OilLeak_Predicted,OilLeak_Predicted
2025-05-01 11:14:14.841435,OilLeak,OilLeak_Active,OK,OK,0,119,OilLeak_Predicted,OilLeak_Predicted,OilLeak_Predicted
2025-05-01 11:14:09.011662,BearingWear,Normal,OK,OK,0,0,Normal_Predicted,Normal_Predicted,Normal_Predicted
2025-05-01 11:14:10.011662,BearingWear,Normal,OK,OK,0,1,Normal_Predicted,Normal_Predicted,Normal_Predicted
2025-05-01 11:14:11.011662,BearingWear,Normal,OK,OK,0,2,Normal_Predicted,Normal_Predicted,Normal_Predicted
2025-05-01 11:14:12.011662,BearingWear,Normal,OK,OK,0,3,Normal_Predicted,Normal_Predicted,Normal_Predicted
2025-05-01 11:14:13.011662,BearingWear,Normal,OK,OK,0,4,Normal_Predicted,Normal_Predicted,Normal_Predicted
2025-05-01 11:14:14.011662,BearingWear,Normal,OK,OK,0,5,Normal_Predicted,Normal_Predicted,Normal_Predicted
2025-05-01 11:14:15.011662,BearingWear,Normal,OK,OK,0,6,Normal_Predicted,Normal_Predicted,Normal_Predicted
2025-05-01 11:14:16.011662,BearingWear,Normal,OK,OK,0,7,Normal_Predicted,Normal_Predicted,Normal_Predicted
2025-05-01 11:14:17.011662,BearingWear,Normal,OK,OK,0,8,Normal_Predicted,Normal_Predicted,Normal_Predicted
2025-05-01 11:14:18.011662,BearingWear,Normal,OK,OK,0,9,Normal_Predicted,Normal_Predicted,Normal_Predicted
2025-05-01 11:14:19.011662,BearingWear,Normal,OK,OK,0,10,Normal_Predicted,Normal_Predicted,Normal_Predicted
2025-05-01 11:14:20.011662,BearingWear,Normal,OK,OK,0,11,Normal_Predicted,Normal_Predicted,Normal_Predicted
2025-05-01 11:14:21.011662,BearingWear,Normal,OK,OK,0,12,Normal_Predicted,Normal_Predicted,Normal_Predicted
2025-05-01 11:14:22.011662,BearingWear,Normal,OK,OK,0,13,Normal_Predicted,Normal_Predicted,Normal_Predicted
2025-05-01 11:14:23.011662,BearingWear,Normal,OK,OK,0,14,Normal_Predicted,Normal_Predicted,Normal_Predicted
2025-05-01 11:14:24.011662,BearingWear,Normal,OK,OK,0,15,Normal_Predicted,Normal_Predicted,Normal_Predicted
2025-05-01 11:14:25.011662,BearingWear,Normal,OK,OK,0,16,Normal_Predicted,BearingWear_Predicted,Normal_Predicted
2025-05-01 11:14:26.011662,BearingWear,Normal,OK,OK,0,17,Normal_Predicted,Normal_Predicted,Normal_Predicted
2025-05-01 11:14:27.011662,BearingWear,Normal,OK,OK,0,18,Normal_Predicted,Normal_Predicted,Normal_Predicted
2025-05-01 11:14:28.011662,BearingWear,Normal,OK,OK,0,19,Normal_Predicted,Normal_Predicted,Normal_Predicted
2025-05-01 11:14:29.011662,BearingWear,Normal,OK,OK,0,20,Normal_Predicted,Normal_Predicted,Normal_Predicted
2025-05-01 11:14:30.011662,BearingWear,Normal,OK,OK,0,21,Normal_Predicted,Normal_Predicted,Normal_Predicted
2025-05-01 11:14:31.011662,BearingWear,Normal,OK,OK,0,22,Normal_Predicted,Normal_Predicted,Normal_Predicted
2025-05-01 11:14:32.011662,BearingWear,Normal,OK,OK,0,23,Normal_Predicted,Normal_Predicted,Normal_Predicted
2025-05-01 11:14:33.011662,BearingWear,Normal,OK,OK,0,24,Normal_Predicted,Normal_Predicted,Normal_Predicted
2025-05-01 11:14:34.011662,BearingWear,Normal,OK,OK,0,25,Normal_Predicted,Normal_Predicted,Normal_Predicted
2025-05-01 11:14:35.011662,BearingWear,Normal,OK,OK,0,26,Normal_Predicted,Normal_Predicted,Normal_Predicted
2025-05-01 11:14:36.011662,BearingWear,Normal,OK,OK,0,27,Normal_Predicted,Normal_Predicted,Normal_Predicted
2025-05-01 11:14:37.011662,BearingWear,Normal,OK,OK,0,28,Normal_Predicted,Normal_Predicted,Normal_Predicted
2025-05-01 11:14:38.011662,BearingWear,Normal,OK,OK,0,29,Normal_Predicted,Normal_Predicted,Normal_Predicted
2025-05-01 11:14:39.011662,BearingWear,Normal,OK,OK,0,30,Normal_Predicted,Normal_Predicted,Normal_Predicted
2025-05-01 11:14:40.011662,BearingWear,Normal,OK,OK,0,31,Normal_Predicted,Normal_Predicted,Normal_Predicted
2025-05-01 11:14:41.011662,BearingWear,Normal,OK,OK,0,32,Normal_Predicted,Normal_Predicted,Normal_Predicted
2025-05-01 11:14:42.011662,BearingWear,Normal,OK,OK,0,33,Normal_Predicted,Normal_Predicted,Normal_Predicted
2025-05-01 11:14:43.011662,BearingWear,Normal,OK,OK,0,34,Normal_Predicted,Normal_Predicted,Normal_Predicted
2025-05-01 11:14:44.011662,BearingWear,Normal,OK,OK,0,35,Normal_Predicted,Normal_Predicted,Normal_Predicted
2025-05-01 11:14:45.011662,BearingWear,Normal,OK,OK,0,36,Normal_Predicted,Normal_Predicted,Normal_Predicted
2025-05-01 11:14:46.011662,BearingWear,Normal,OK,OK,0,37,Normal_Predicted,Normal_Predicted,Normal_Predicted
2025-05-01 11:14:47.011662,BearingWear,Normal,OK,OK,0,38,Normal_Predicted,Normal_Predicted,Normal_Predicted
2025-05-01 11:14:48.011662,BearingWear,Normal,OK,OK,0,39,Normal_Predicted,Normal_Predicted,Normal_Predicted
2025-05-01 11:14:49.011662,BearingWear,Normal,OK,OK,0,40,Normal_Predicted,Normal_Predicted,Normal_Predicted
2025-05-01 11:14:50.011662,BearingWear,Normal,OK,OK,0,41,Normal_Predicted,Normal_Predicted,Normal_Predicted
2025-05-01 11:14:51.011662,BearingWear,Normal,OK,OK,0,42,Normal_Predicted,Normal_Predicted,Normal_Predicted
2025-05-01 11:14:52.011662,BearingWear,Normal,OK,OK,0,43,Normal_Predicted,Normal_Predicted,Normal_Predicted
2025-05-01 11:14:53.011662,BearingWear,Normal,OK,OK,0,44,Normal_Predicted,Normal_Predicted,Normal_Predicted
2025-05-01 11:14:54.011662,BearingWear,Normal,OK,OK,0,45,Normal_Predicted,Normal_Predicted,Normal_Predicted
2025-05-01 11:14:55.011662,BearingWear,Normal,OK,OK,0,46,Normal_Predicted,Normal_Predicted,Normal_Predicted
2025-05-01 11:14:56.011662,BearingWear,Normal,OK,OK,0,47,Normal_Predicted,Normal_Predicted,Normal_Predicted
2025-05-01 11:14:57.011662,BearingWear,BearingWear_Active,OK,OK,0,48,Normal_Predicted,Normal_Predicted,Normal_Predicted
2025-05-01 11:14:58.011662,BearingWear,BearingWear_Active,OK,OK,0,49,Normal_Predicted,Normal_Predicted,Normal_Predicted
2025-05-01 11:14:59.011662,BearingWear,BearingWear_Active,OK,OK,0,50,Normal_Predicted,Normal_Predicted,Normal_Predicted
2025-05-01 11:15:00.011662,BearingWear,BearingWear_Active,OK,OK,0,51,Normal_Predicted,Normal_Predicted,Normal_Predicted
2025-05-01 11:15:01.011662,BearingWear,BearingWear_Active,OK,OK,0,52,Normal_Predicted,Normal_Predicted,Normal_Predicted
2025-05-01 11:15:02.011662,BearingWear,BearingWear_Active,OK,OK,0,53,Normal_Predicted,Normal_Predicted,Normal_Predicted
2025-05-01 11:15:03.011662,BearingWear,BearingWear_Active,OK,OK,0,54,Normal_Predicted,Normal_Predicted,Normal_Predicted
2025-05-01 11:15:04.011662,BearingWear,BearingWear_Active,OK,OK,0,55,Normal_Predicted,Normal_Predicted,Normal_Predicted
2025-05-01 11:15:05.011662,BearingWear,BearingWear_Active,OK,OK,0,56,Normal_Predicted,Normal_Predicted,Normal_Predicted
2025-05-01 11:15:06.011662,BearingWear,BearingWear_Active,OK,OK,0,57,Normal_Predicted,Normal_Predicted,Normal_Predicted
2025-05-01 11:15:07.011662,BearingWear,BearingWear_Active,OK,OK,0,58,Normal_Predicted,Normal_Predicted,Normal_Predicted
2025-05-01 11:15:08.011662,BearingWear,BearingWear_Active,OK,OK,0,59,Normal_Predicted,Normal_Predicted,Normal_Predicted
2025-05-01 11:15:09.011662,BearingWear,BearingWear_Active,OK,OK,0,60,Normal_Predicted,OilLeak_Predicted,Normal_Predicted
2025-05-01 11:15:10.011662,BearingWear,BearingWear_Active,OK,OK,0,61,Normal_Predicted,Normal_Predicted,Normal_Predicted
2025-05-01 11:15:11.011662,BearingWear,BearingWear_Active,OK,OK,0,62,Normal_Predicted,Normal_Predicted,Normal_Predicted
2025-05-01 11:15:12.011662,BearingWear,BearingWear_Active,OK,OK,0,63,Normal_Predicted,Normal_Predicted,Normal_Predicted
2025-05-01 11:15:13.011662,BearingWear,BearingWear_Active,OK,OK,0,64,Normal_Predicted,Normal_Predicted,Normal_Predicted
2025-05-01 11:15:14.011662,BearingWear,BearingWear_Active,OK,OK,0,65,Normal_Predicted,Normal_Predicted,Normal_Predicted
2025-05-01 11:15:15.011662,BearingWear,BearingWear_Active,OK,OK,0,66,Normal_Predicted,Normal_Predicted,Normal_Predicted
2025-05-01 11:15:16.011662,BearingWear,BearingWear_Active,OK,OK,0,67,Normal_Predicted,Normal_Predicted,Normal_Predicted
2025-05-01 11:15:17.011662,BearingWear,BearingWear_Active,OK,OK,0,68,Normal_Predicted,Normal_Predicted,Normal_Predicted
2025-05-01 11:15:18.011662,BearingWear,BearingWear_Active,OK,OK,0,69,Normal_Predicted,BearingWear_Predicted,Normal_Predicted
2025-05-01 11:15:19.011662,BearingWear,BearingWear_Active,OK,OK,0,70,Normal_Predicted,Normal_Predicted,Normal_Predicted
2025-05-01 11:15:20.011662,BearingWear,BearingWear_Active,OK,OK,0,71,Normal_Predicted,Normal_Predicted,Normal_Predicted
2025-05-01 11:15:21.011662,BearingWear,BearingWear_Active,OK,OK,0,72,VibSensorFail_Predicted,BearingWear_Predicted,Normal_Predicted
2025-05-01 11:15:22.011662,BearingWear,BearingWear_Active,OK,OK,0,73,Normal_Predicted,Normal_Predicted,Normal_Predicted
2025-05-01 11:15:23.011662,BearingWear,BearingWear_Active,OK,OK,0,74,VibSensorFail_Predicted,BearingWear_Predicted,Normal_Predicted
2025-05-01 11:15:24.011662,BearingWear,BearingWear_Active,OK,OK,0,75,Normal_Predicted,BearingWear_Predicted,Normal_Predicted
2025-05-01 11:15:25.011662,BearingWear,BearingWear_Active,OK,OK,0,76,VibSensorFail_Predicted,BearingWear_Predicted,Normal_Predicted
2025-05-01 11:15:26.011662,BearingWear,BearingWear_Active,OK,OK,0,77,VibSensorFail_Predicted,BearingWear_Predicted,Normal_Predicted
2025-05-01 11:15:27.011662,BearingWear,BearingWear_Active,OK,OK,0,78,VibSensorFail_Predicted,BearingWear_Predicted,BearingWear_Predicted
2025-05-01 11:15:28.011662,BearingWear,BearingWear_Active,OK,OK,0,79,VibSensorFail_Predicted,BearingWear_Predicted,BearingWear_Predicted
2025-05-01 11:15:29.011662,BearingWear,BearingWear_Active,OK,OK,0,80,VibSensorFail_Predicted,OilLeak_Predicted,BearingWear_Predicted
2025-05-01 11:15:30.011662,BearingWear,BearingWear_Active,OK,OK,0,81,Normal_Predicted,BearingWear_Predicted,BearingWear_Predicted
2025-05-01 11:15:31.011662,BearingWear,BearingWear_Active,OK,OK,0,82,VibSensorFail_Predicted,BearingWear_Predicted,BearingWear_Predicted
2025-05-01 11:15:32.011662,BearingWear,BearingWear_Active,OK,OK,0,83,VibSensorFail_Predicted,BearingWear_Predicted,BearingWear_Predicted
2025-05-01 11:15:33.011662,BearingWear,BearingWear_Active,OK,OK,0,84,VibSensorFail_Predicted,BearingWear_Predicted,BearingWear_Predicted
2025-05-01 11:15:34.011662,BearingWear,BearingWear_Active,OK,OK,0,85,VibSensorFail_Predicted,BearingWear_Predicted,BearingWear_Predicted
2025-05-01 11:15:35.011662,BearingWear,BearingWear_Active,OK,OK,0,86,VibSensorFail_Predicted,BearingWear_Predicted,BearingWear_Predicted
2025-05-01 11:15:36.011662,BearingWear,BearingWear_Active,OK,OK,0,87,VibSensorFail_Predicted,BearingWear_Predicted,BearingWear_Predicted
2025-05-01 11:15:37.011662,BearingWear,BearingWear_Active,OK,OK,0,88,VibSensorFail_Predicted,BearingWear_Predicted,BearingWear_Predicted
2025-05-01 11:15:38.011662,BearingWear,BearingWear_Active,OK,OK,0,89,VibSensorFail_Predicted,BearingWear_Predicted,BearingWear_Predicted
2025-05-01 11:15:39.011662,BearingWear,BearingWear_Active,OK,OK,0,90,VibSensorFail_Predicted,BearingWear_Predicted,BearingWear_Predicted
2025-05-01 11:15:40.011662,BearingWear,BearingWear_Active,OK,OK,0,91,Normal_Predicted,BearingWear_Predicted,BearingWear_Predicted
2025-05-01 11:15:41.011662,BearingWear,BearingWear_Active,OK,OK,0,92,VibSensorFail_Predicted,BearingWear_Predicted,BearingWear_Predicted
2025-05-01 11:15:42.011662,BearingWear,BearingWear_Active,OK,OK,0,93,VibSensorFail_Predicted,BearingWear_Predicted,BearingWear_Predicted
2025-05-01 11:15:43.011662,BearingWear,BearingWear_Active,OK,OK,0,94,VibSensorFail_Predicted,BearingWear_Predicted,BearingWear_Predicted
2025-05-01 11:15:44.011662,BearingWear,BearingWear_Active,OK,OK,0,95,VibSensorFail_Predicted,BearingWear_Predicted,BearingWear_Predicted
2025-05-01 11:15:45.011662,BearingWear,BearingWear_Active,OK,OK,0,96,VibSensorFail_Predicted,BearingWear_Predicted,BearingWear_Predicted
2025-05-01 11:15:46.011662,BearingWear,BearingWear_Active,OK,OK,0,97,VibSensorFail_Predicted,BearingWear_Predicted,BearingWear_Predicted
2025-05-01 11:15:47.011662,BearingWear,BearingWear_Active,OK,OK,0,98,VibSensorFail_Predicted,BearingWear_Predicted,BearingWear_Predicted
2025-05-01 11:15:48.011662,BearingWear,BearingWear_Active,OK,OK,0,99,VibSensorFail_Predicted,BearingWear_Predicted,BearingWear_Predicted
2025-05-01 11:15:49.011662,BearingWear,BearingWear_Active,OK,OK,0,100,VibSensorFail_Predicted,BearingWear_Predicted,BearingWear_Predicted
2025-05-01 11:15:50.011662,BearingWear,BearingWear_Active,OK,OK,0,101,VibSensorFail_Predicted,BearingWear_Predicted,BearingWear_Predicted
2025-05-01 11:15:51.011662,BearingWear,BearingWear_Active,OK,OK,0,102,VibSensorFail_Predicted,BearingWear_Predicted,BearingWear_Predicted
2025-05-01 11:15:52.011662,BearingWear,BearingWear_Active,OK,OK,0,103,VibSensorFail_Predicted,BearingWear_Predicted,BearingWear_Predicted
2025-05-01 11:15:53.011662,BearingWear,BearingWear_Active,OK,OK,0,104,VibSensorFail_Predicted,BearingWear_Predicted,BearingWear_Predicted
2025-05-01 11:15:54.011662,BearingWear,BearingWear_Active,OK,OK,0,105,Normal_Predicted,Normal_Predicted,BearingWear_Predicted
2025-05-01 11:15:55.011662,BearingWear,BearingWear_Active,OK,OK,0,106,VibSensorFail_Predicted,BearingWear_Predicted,BearingWear_Predicted
2025-05-01 11:15:56.011662,BearingWear,BearingWear_Active,OK,OK,0,107,VibSensorFail_Predicted,BearingWear_Predicted,BearingWear_Predicted
2025-05-01 11:15:57.011662,BearingWear,BearingWear_Active,OK,OK,0,108,VibSensorFail_Predicted,OilLeak_Predicted,BearingWear_Predicted
2025-05-01 11:15:58.011662,BearingWear,BearingWear_Active,OK,OK,0,109,VibSensorFail_Predicted,OilLeak_Predicted,BearingWear_Predicted
2025-05-01 11:15:59.011662,BearingWear,BearingWear_Active,OK,OK,0,110,VibSensorFail_Predicted,OilLeak_Predicted,BearingWear_Predicted
2025-05-01 11:16:00.011662,BearingWear,BearingWear_Active,OK,OK,0,111,Normal_Predicted,OilLeak_Predicted,BearingWear_Predicted
2025-05-01 11:16:01.011662,BearingWear,BearingWear_Active,OK,OK,0,112,VibSensorFail_Predicted,OilLeak_Predicted,BearingWear_Predicted
2025-05-01 11:16:02.011662,BearingWear,BearingWear_Active,OK,OK,0,113,VibSensorFail_Predicted,OilLeak_Predicted,BearingWear_Predicted
2025-05-01 11:16:03.011662,BearingWear,BearingWear_Active,OK,OK,0,114,VibSensorFail_Predicted,OilLeak_Predicted,BearingWear_Predicted
2025-05-01 11:16:04.011662,BearingWear,BearingWear_Active,OK,OK,0,115,VibSensorFail_Predicted,OilLeak_Predicted,BearingWear_Predicted
2025-05-01 11:16:05.011662,BearingWear,BearingWear_Active,OK,OK,0,116,VibSensorFail_Predicted,OilLeak_Predicted,BearingWear_Predicted
2025-05-01 11:16:06.011662,BearingWear,BearingWear_Active,OK,OK,0,117,VibSensorFail_Predicted,OilLeak_Predicted,BearingWear_Predicted
2025-05-01 11:16:07.011662,BearingWear,BearingWear_Active,OK,OK,0,118,VibSensorFail_Predicted,OilLeak_Predicted,BearingWear_Predicted
2025-05-01 11:16:08.011662,BearingWear,BearingWear_Active,OK,OK,0,119,VibSensorFail_Predicted,OilLeak_Predicted,BearingWear_Predicted
2025-05-01 11:16:01.878297,EGTSensorFail,Normal,OK,OK,0,0,Normal_Predicted,Normal_Predicted,Normal_Predicted
2025-05-01 11:16:02.878297,EGTSensorFail,Normal,OK,OK,0,1,Normal_Predicted,Normal_Predicted,Normal_Predicted
2025-05-01 11:16:03.878297,EGTSensorFail,Normal,OK,OK,0,2,Normal_Predicted,Normal_Predicted,Normal_Predicted
2025-05-01 11:16:04.878297,EGTSensorFail,Normal,OK,OK,0,3,Normal_Predicted,Normal_Predicted,Normal_Predicted
2025-05-01 11:16:05.878297,EGTSensorFail,Normal,OK,OK,0,4,Normal_Predicted,Normal_Predicted,Normal_Predicted
2025-05-01 11:16:06.878297,EGTSensorFail,Normal,OK,OK,0,5,Normal_Predicted,Normal_Predicted,Normal_Predicted
2025-05-01 11:16:07.878297,EGTSensorFail,Normal,OK,OK,0,6,Normal_Predicted,Normal_Predicted,Normal_Predicted
2025-05-01 11:16:08.878297,EGTSensorFail,Normal,OK,OK,0,7,Normal_Predicted,Normal_Predicted,Normal_Predicted
2025-05-01 11:16:09.878297,EGTSensorFail,Normal,OK,OK,0,8,Normal_Predicted,Normal_Predicted,Normal_Predicted
2025-05-01 11:16:10.878297,EGTSensorFail,Normal,OK,OK,0,9,Normal_Predicted,Normal_Predicted,Normal_Predicted
2025-05-01 11:16:11.878297,EGTSensorFail,Normal,OK,OK,0,10,Normal_Predicted,Normal_Predicted,Normal_Predicted
2025-05-01 11:16:12.878297,EGTSensorFail,Normal,OK,OK,0,11,Normal_Predicted,Normal_Predicted,Normal_Predicted
2025-05-01 11:16:13.878297,EGTSensorFail,Normal,OK,OK,0,12,Normal_Predicted,Normal_Predicted,Normal_Predicted
2025-05-01 11:16:14.878297,EGTSensorFail,Normal,OK,OK,0,13,Normal_Predicted,Normal_Predicted,Normal_Predicted
2025-05-01 11:16:15.878297,EGTSensorFail,Normal,OK,OK,0,14,Normal_Predicted,Normal_Predicted,Normal_Predicted
2025-05-01 11:16:16.878297,EGTSensorFail,Normal,OK,OK,0,15,Normal_Predicted,Normal_Predicted,Normal_Predicted
2025-05-01 11:16:17.878297,EGTSensorFail,Normal,OK,OK,0,16,Normal_Predicted,Normal_Predicted,Normal_Predicted
2025-05-01 11:16:18.878297,EGTSensorFail,Normal,OK,OK,0,17,Normal_Predicted,Normal_Predicted,Normal_Predicted
2025-05-01 11:16:19.878297,EGTSensorFail,Normal,OK,OK,0,18,Normal_Predicted,Normal_Predicted,Normal_Predicted
2025-05-01 11:16:20.878297,EGTSensorFail,Normal,OK,OK,0,19,Normal_Predicted,Normal_Predicted,Normal_Predicted
2025-05-01 11:16:21.878297,EGTSensorFail,Normal,OK,OK,0,20,Normal_Predicted,Normal_Predicted,Normal_Predicted
2025-05-01 11:16:22.878297,EGTSensorFail,Normal,OK,OK,0,21,Normal_Predicted,Normal_Predicted,Normal_Predicted
2025-05-01 11:16:23.878297,EGTSensorFail,Normal,OK,OK,0,22,Normal_Predicted,Normal_Predicted,Normal_Predicted
2025-05-01 11:16:24.878297,EGTSensorFail,Normal,OK,OK,0,23,Normal_Predicted,Normal_Predicted,Normal_Predicted
2025-05-01 11:16:25.878297,EGTSensorFail,Normal,OK,OK,0,24,Normal_Predicted,Normal_Predicted,Normal_Predicted
2025-05-01 11:16:26.878297,EGTSensorFail,Normal,OK,OK,0,25,Normal_Predicted,Normal_Predicted,Normal_Predicted
2025-05-01 11:16:27.878297,EGTSensorFail,Normal,OK,OK,0,26,Normal_Predicted,Normal_Predicted,Normal_Predicted
2025-05-01 11:16:28.878297,EGTSensorFail,Normal,OK,OK,0,27,Normal_Predicted,Normal_Predicted,Normal_Predicted
2025-05-01 11:16:29.878297,EGTSensorFail,Normal,OK,OK,0,28,Normal_Predicted,Normal_Predicted,Normal_Predicted
2025-05-01 11:16:30.878297,EGTSensorFail,Normal,OK,OK,0,29,Normal_Predicted,Normal_Predicted,Normal_Predicted
2025-05-01 11:16:31.878297,EGTSensorFail,Normal,OK,OK,0,30,Normal_Predicted,Normal_Predicted,Normal_Predicted
2025-05-01 11:16:32.878297,EGTSensorFail,Normal,OK,OK,0,31,Normal_Predicted,Normal_Predicted,Normal_Predicted
2025-05-01 11:16:33.878297,EGTSensorFail,Normal,OK,OK,0,32,Normal_Predicted,Normal_Predicted,Normal_Predicted
2025-05-01 11:16:34.878297,EGTSensorFail,Normal,OK,OK,0,33,Normal_Predicted,Normal_Predicted,Normal_Predicted
2025-05-01 11:16:35.878297,EGTSensorFail,Normal,OK,OK,0,34,Normal_Predicted,Normal_Predicted,Normal_Predicted
2025-05-01 11:16:36.878297,EGTSensorFail,Normal,OK,OK,0,35,Normal_Predicted,Normal_Predicted,Normal_Predicted
2025-05-01 11:16:37.878297,EGTSensorFail,Normal,OK,OK,0,36,Normal_Predicted,Normal_Predicted,Normal_Predicted
2025-05-01 11:16:38.878297,EGTSensorFail,Normal,OK,OK,0,37,Normal_Predicted,Normal_Predicted,Normal_Predicted
2025-05-01 11:16:39.878297,EGTSensorFail,Normal,OK,OK,0,38,Normal_Predicted,Normal_Predicted,Normal_Predicted
2025-05-01 11:16:40.878297,EGTSensorFail,Normal,OK,OK,0,39,Normal_Predicted,Normal_Predicted,Normal_Predicted
2025-05-01 11:16:41.878297,EGTSensorFail,Normal,OK,OK,0,40,Normal_Predicted,Normal_Predicted,Normal_Predicted
2025-05-01 11:16:42.878297,EGTSensorFail,Normal,OK,OK,0,41,Normal_Predicted,Normal_Predicted,Normal_Predicted
2025-05-01 11:16:43.878297,EGTSensorFail,Normal,OK,OK,0,42,Normal_Predicted,Normal_Predicted,Normal_Predicted
2025-05-01 11:16:44.878297,EGTSensorFail,Normal,OK,OK,0,43,Normal_Predicted,Normal_Predicted,Normal_Predicted
2025-05-01 11:16:45.878297,EGTSensorFail,Normal,OK,OK,0,44,Normal_Predicted,Normal_Predicted,Normal_Predicted
2025-05-01 11:16:46.878297,EGTSensorFail,Normal,OK,OK,0,45,Normal_Predicted,Normal_Predicted,Normal_Predicted
2025-05-01 11:16:47.878297,EGTSensorFail,Normal,OK,OK,0,46,Normal_Predicted,Normal_Predicted,Normal_Predicted
2025-05-01 11:16:48.878297,EGTSensorFail,Normal,OK,OK,0,47,Normal_Predicted,Normal_Predicted,Normal_Predicted
2025-05-01 11:16:49.878297,EGTSensorFail,Normal,OK,OK,0,48,Normal_Predicted,Normal_Predicted,Normal_Predicted
2025-05-01 11:16:50.878297,EGTSensorFail,Normal,OK,OK,0,49,Normal_Predicted,OilLeak_Predicted,Normal_Predicted
2025-05-01 11:16:51.878297,EGTSensorFail,Normal,OK,OK,0,50,Normal_Predicted,Normal_Predicted,Normal_Predicted
2025-05-01 11:16:52.878297,EGTSensorFail,Normal,OK,OK,0,51,Normal_Predicted,Normal_Predicted,Normal_Predicted
2025-05-01 11:16:53.878297,EGTSensorFail,Normal,OK,OK,0,52,Normal_Predicted,Normal_Predicted,Normal_Predicted
2025-05-01 11:16:54.878297,EGTSensorFail,Normal,OK,OK,0,53,Normal_Predicted,Normal_Predicted,Normal_Predicted
2025-05-01 11:16:55.878297,EGTSensorFail,Normal,OK,OK,0,54,Normal_Predicted,Normal_Predicted,Normal_Predicted
2025-05-01 11:16:56.878297,EGTSensorFail,Normal,OK,OK,0,55,Normal_Predicted,Normal_Predicted,Normal_Predicted
2025-05-01 11:16:57.878297,EGTSensorFail,Normal,OK,OK,0,56,Normal_Predicted,Normal_Predicted,Normal_Predicted
2025-05-01 11:16:58.878297,EGTSensorFail,Normal,OK,OK,0,57,Normal_Predicted,Normal_Predicted,Normal_Predicted
2025-05-01 11:16:59.878297,EGTSensorFail,Normal,OK,OK,0,58,Normal_Predicted,Normal_Predicted,Normal_Predicted
2025-05-01 11:17:00.878297,EGTSensorFail,Normal,OK,OK,0,59,Normal_Predicted,Normal_Predicted,Normal_Predicted
2025-05-01 11:17:01.878297,EGTSensorFail,Normal,OK,OK,0,60,Normal_Predicted,Normal_Predicted,Normal_Predicted
2025-05-01 11:17:02.878297,EGTSensorFail,Normal,OK,OK,0,61,Normal_Predicted,Normal_Predicted,Normal_Predicted
2025-05-01 11:17:03.878297,EGTSensorFail,Normal,OK,OK,0,62,Normal_Predicted,Normal_Predicted,Normal_Predicted
2025-05-01 11:17:04.878297,EGTSensorFail,Normal,OK,OK,0,63,Normal_Predicted,Normal_Predicted,Normal_Predicted
2025-05-01 11:17:05.878297,EGTSensorFail,Normal,OK,OK,0,64,Normal_Predicted,Normal_Predicted,Normal_Predicted
2025-05-01 11:17:06.878297,EGTSensorFail,Normal,OK,OK,0,65,Normal_Predicted,Normal_Predicted,Normal_Predicted
2025-05-01 11:17:07.878297,EGTSensorFail,Normal,OK,OK,0,66,Normal_Predicted,Normal_Predicted,Normal_Predicted
2025-05-01 11:17:08.878297,EGTSensorFail,Normal,OK,OK,0,67,Normal_Predicted,Normal_Predicted,Normal_Predicted
2025-05-01 11:17:09.878297,EGTSensorFail,Normal,OK,OK,0,68,Normal_Predicted,Normal_Predicted,Normal_Predicted
2025-05-01 11:17:10.878297,EGTSensorFail,Normal,OK,OK,0,69,Normal_Predicted,Normal_Predicted,Normal_Predicted
2025-05-01 11:17:11.878297,EGTSensorFail,Normal,OK,OK,0,70,Normal_Predicted,Normal_Predicted,Normal_Predicted
2025-05-01 11:17:12.878297,EGTSensorFail,Normal,OK,OK,0,71,Normal_Predicted,Normal_Predicted,Normal_Predicted
2025-05-01 11:17:13.878297,EGTSensorFail,Normal,OK,OK,0,72,Normal_Predicted,Normal_Predicted,Normal_Predicted
2025-05-01 11:17:14.878297,EGTSensorFail,Normal,OK,OK,0,73,Normal_Predicted,Normal_Predicted,Normal_Predicted
2025-05-01 11:17:15.878297,EGTSensorFail,Normal,OK,OK,0,74,Normal_Predicted,Normal_Predicted,Normal_Predicted
2025-05-01 11:17:16.878297,EGTSensorFail,Normal,OK,OK,0,75,Normal_Predicted,Normal_Predicted,Normal_Predicted
2025-05-01 11:17:17.878297,EGTSensorFail,Normal,OK,OK,0,76,Normal_Predicted,Normal_Predicted,Normal_Predicted
2025-05-01 11:17:18.878297,EGTSensorFail,Normal,Degraded,OK,0,77,Normal_Predicted,Normal_Predicted,Normal_Predicted
2025-05-01 11:17:19.878297,EGTSensorFail,Normal,Degraded,OK,0,78,Normal_Predicted,Normal_Predicted,Normal_Predicted
2025-05-01 11:17:20.878297,EGTSensorFail,Normal,Degraded,OK,0,79,Normal_Predicted,Normal_Predicted,Normal_Predicted
2025-05-01 11:17:21.878297,EGTSensorFail,Normal,Degraded,OK,0,80,Normal_Predicted,Normal_Predicted,Normal_Predicted
2025-05-01 11:17:22.878297,EGTSensorFail,Normal,Degraded,OK,0,81,Normal_Predicted,Normal_Predicted,Normal_Predicted
2025-05-01 11:17:23.878297,EGTSensorFail,Normal,Degraded,OK,0,82,Normal_Predicted,Normal_Predicted,Normal_Predicted
2025-05-01 11:17:24.878297,EGTSensorFail,Normal,Degraded,OK,0,83,Normal_Predicted,Normal_Predicted,Normal_Predicted
2025-05-01 11:17:25.878297,EGTSensorFail,Normal,Degraded,OK,0,84,Normal_Predicted,BearingWear_Predicted,Normal_Predicted
2025-05-01 11:17:26.878297,EGTSensorFail,Normal,Degraded,OK,0,85,Normal_Predicted,BearingWear_Predicted,Normal_Predicted
2025-05-01 11:17:27.878297,EGTSensorFail,Normal,Degraded,OK,0,86,Normal_Predicted,BearingWear_Predicted,Normal_Predicted
2025-05-01 11:17:28.878297,EGTSensorFail,Normal,Degraded,OK,0,87,Normal_Predicted,BearingWear_Predicted,Normal_Predicted
2025-05-01 11:17:29.878297,EGTSensorFail,Normal,Degraded,OK,0,88,Normal_Predicted,BearingWear_Predicted,Normal_Predicted
2025-05-01 11:17:30.878297,EGTSensorFail,Normal,Degraded,OK,0,89,Normal_Predicted,BearingWear_Predicted,Normal_Predicted
2025-05-01 11:17:31.878297,EGTSensorFail,Normal,Degraded,OK,0,90,Normal_Predicted,BearingWear_Predicted,Normal_Predicted
2025-05-01 11:17:32.878297,EGTSensorFail,Normal,Degraded,OK,0,91,Normal_Predicted,BearingWear_Predicted,Normal_Predicted
2025-05-01 11:17:33.878297,EGTSensorFail,Normal,Failed,OK,0,92,Normal_Predicted,BearingWear_Predicted,Normal_Predicted
2025-05-01 11:17:34.878297,EGTSensorFail,Normal,Failed,OK,0,93,Normal_Predicted,BearingWear_Predicted,Normal_Predicted
2025-05-01 11:17:35.878297,EGTSensorFail,Normal,Failed,OK,0,94,Normal_Predicted,BearingWear_Predicted,Normal_Predicted
2025-05-01 11:17:36.878297,EGTSensorFail,Normal,Failed,OK,0,95,Normal_Predicted,BearingWear_Predicted,Normal_Predicted
2025-05-01 11:17:37.878297,EGTSensorFail,Normal,Failed,OK,0,96,Normal_Predicted,BearingWear_Predicted,Normal_Predicted
2025-05-01 11:17:38.878297,EGTSensorFail,Normal,Failed,OK,0,97,Normal_Predicted,BearingWear_Predicted,Normal_Predicted
2025-05-01 11:17:39.878297,EGTSensorFail,Normal,Failed,OK,0,98,Normal_Predicted,BearingWear_Predicted,Normal_Predicted
2025-05-01 11:17:40.878297,EGTSensorFail,Normal,Failed,OK,0,99,Normal_Predicted,BearingWear_Predicted,Normal_Predicted
2025-05-01 11:17:41.878297,EGTSensorFail,Normal,Failed,OK,0,100,Normal_Predicted,BearingWear_Predicted,Normal_Predicted
2025-05-01 11:17:42.878297,EGTSensorFail,Normal,Failed,OK,0,101,Normal_Predicted,BearingWear_Predicted,Normal_Predicted
2025-05-01 11:17:43.878297,EGTSensorFail,Normal,Failed,OK,0,102,Normal_Predicted,BearingWear_Predicted,Normal_Predicted
2025-05-01 11:17:44.878297,EGTSensorFail,Normal,Failed,OK,0,103,Normal_Predicted,BearingWear_Predicted,Normal_Predicted
2025-05-01 11:17:45.878297,EGTSensorFail,Normal,Failed,OK,0,104,Normal_Predicted,BearingWear_Predicted,Normal_Predicted
2025-05-01 11:17:46.878297,EGTSensorFail,Normal,Failed,OK,0,105,Normal_Predicted,BearingWear_Predicted,Normal_Predicted
2025-05-01 11:17:47.878297,EGTSensorFail,Normal,Failed,OK,0,106,Normal_Predicted,BearingWear_Predicted,Normal_Predicted
2025-05-01 11:17:48.878297,EGTSensorFail,Normal,Failed,OK,0,107,Normal_Predicted,BearingWear_Predicted,Normal_Predicted
2025-05-01 11:17:49.878297,EGTSensorFail,Normal,Failed,OK,0,108,Normal_Predicted,OilLeak_Predicted,Normal_Predicted
2025-05-01 11:17:50.878297,EGTSensorFail,Normal,Failed,OK,0,109,Normal_Predicted,OilLeak_Predicted,Normal_Predicted
2025-05-01 11:17:51.878297,EGTSensorFail,Normal,Failed,OK,0,110,Normal_Predicted,OilLeak_Predicted,Normal_Predicted
2025-05-01 11:17:52.878297,EGTSensorFail,Normal,Failed,OK,0,111,Normal_Predicted,OilLeak_Predicted,Normal_Predicted
2025-05-01 11:17:53.878297,EGTSensorFail,Normal,Failed,OK,0,112,Normal_Predicted,OilLeak_Predicted,Normal_Predicted
2025-05-01 11:17:54.878297,EGTSensorFail,Normal,Failed,OK,0,113,Normal_Predicted,OilLeak_Predicted,Normal_Predicted
2025-05-01 11:17:55.878297,EGTSensorFail,Normal,Failed,OK,0,114,Normal_Predicted,OilLeak_Predicted,Normal_Predicted
2025-05-01 11:17:56.878297,EGTSensorFail,Normal,Failed,OK,0,115,Normal_Predicted,OilLeak_Predicted,Normal_Predicted
2025-05-01 11:17:57.878297,EGTSensorFail,Normal,Failed,OK,0,116,Normal_Predicted,OilLeak_Predicted,Normal_Predicted
2025-05-01 11:17:58.878297,EGTSensorFail,Normal,Failed,OK,0,117,Normal_Predicted,OilLeak_Predicted,Normal_Predicted
2025-05-01 11:17:59.878297,EGTSensorFail,Normal,Failed,OK,0,118,Normal_Predicted,OilLeak_Predicted,Normal_Predicted
2025-05-01 11:18:00.878297,EGTSensorFail,Normal,Failed,OK,0,119,Normal_Predicted,OilLeak_Predicted,Normal_Predicted
2025-05-01 11:17:55.018993,VibSensorFail,Normal,OK,OK,0,0,Normal_Predicted,Normal_Predicted,Normal_Predicted
2025-05-01 11:17:56.018993,VibSensorFail,Normal,OK,OK,0,1,Normal_Predicted,Normal_Predicted,Normal_Predicted
2025-05-01 11:17:57.018993,VibSensorFail,Normal,OK,OK,0,2,Normal_Predicted,Normal_Predicted,Normal_Predicted
2025-05-01 11:17:58.018993,VibSensorFail,Normal,OK,OK,0,3,Normal_Predicted,Normal_Predicted,Normal_Predicted
2025-05-01 11:17:59.018993,VibSensorFail,Normal,OK,OK,0,4,Normal_Predicted,Normal_Predicted,Normal_Predicted
2025-05-01 11:18:00.018993,VibSensorFail,Normal,OK,OK,0,5,Normal_Predicted,Normal_Predicted,Normal_Predicted
2025-05-01 11:18:01.018993,VibSensorFail,Normal,OK,OK,0,6,Normal_Predicted,Normal_Predicted,Normal_Predicted
2025-05-01 11:18:02.018993,VibSensorFail,Normal,OK,OK,0,7,Normal_Predicted,Normal_Predicted,Normal_Predicted
2025-05-01 11:18:03.018993,VibSensorFail,Normal,OK,OK,0,8,Normal_Predicted,Normal_Predicted,Normal_Predicted
2025-05-01 11:18:04.018993,VibSensorFail,Normal,OK,OK,0,9,Normal_Predicted,Normal_Predicted,Normal_Predicted
2025-05-01 11:18:05.018993,VibSensorFail,Normal,OK,OK,0,10,Normal_Predicted,Normal_Predicted,Normal_Predicted
2025-05-01 11:18:06.018993,VibSensorFail,Normal,OK,OK,0,11,Normal_Predicted,Normal_Predicted,Normal_Predicted
2025-05-01 11:18:07.018993,VibSensorFail,Normal,OK,OK,0,12,Normal_Predicted,Normal_Predicted,Normal_Predicted
2025-05-01 11:18:08.018993,VibSensorFail,Normal,OK,OK,0,13,Normal_Predicted,Normal_Predicted,Normal_Predicted
2025-05-01 11:18:09.018993,VibSensorFail,Normal,OK,OK,0,14,Normal_Predicted,Normal_Predicted,Normal_Predicted
2025-05-01 11:18:10.018993,VibSensorFail,Normal,OK,OK,0,15,Normal_Predicted,Normal_Predicted,Normal_Predicted
2025-05-01 11:18:11.018993,VibSensorFail,Normal,OK,OK,0,16,Normal_Predicted,Normal_Predicted,Normal_Predicted
2025-05-01 11:18:12.018993,VibSensorFail,Normal,OK,OK,0,17,Normal_Predicted,Normal_Predicted,Normal_Predicted
2025-05-01 11:18:13.018993,VibSensorFail,Normal,OK,OK,0,18,Normal_Predicted,Normal_Predicted,Normal_Predicted
2025-05-01 11:18:14.018993,VibSensorFail,Normal,OK,OK,0,19,Normal_Predicted,Normal_Predicted,Normal_Predicted
2025-05-01 11:18:15.018993,VibSensorFail,Normal,OK,OK,0,20,Normal_Predicted,Normal_Predicted,Normal_Predicted
2025-05-01 11:18:16.018993,VibSensorFail,Normal,OK,OK,0,21,Normal_Predicted,BearingWear_Predicted,Normal_Predicted
2025-05-01 11:18:17.018993,VibSensorFail,Normal,OK,OK,0,22,Normal_Predicted,Normal_Predicted,Normal_Predicted
2025-05-01 11:18:18.018993,VibSensorFail,Normal,OK,OK,0,23,Normal_Predicted,Normal_Predicted,Normal_Predicted
2025-05-01 11:18:19.018993,VibSensorFail,Normal,OK,OK,0,24,Normal_Predicted,Normal_Predicted,Normal_Predicted
2025-05-01 11:18:20.018993,VibSensorFail,Normal,OK,OK,0,25,Normal_Predicted,Normal_Predicted,Normal_Predicted
2025-05-01 11:18:21.018993,VibSensorFail,Normal,OK,OK,0,26,Normal_Predicted,Normal_Predicted,Normal_Predicted
2025-05-01 11:18:22.018993,VibSensorFail,Normal,OK,OK,0,27,Normal_Predicted,Normal_Predicted,Normal_Predicted
2025-05-01 11:18:23.018993,VibSensorFail,Normal,OK,OK,0,28,Normal_Predicted,Normal_Predicted,Normal_Predicted
2025-05-01 11:18:24.018993,VibSensorFail,Normal,OK,OK,0,29,Normal_Predicted,Normal_Predicted,Normal_Predicted
2025-05-01 11:18:25.018993,VibSensorFail,Normal,OK,OK,0,30,Normal_Predicted,Normal_Predicted,Normal_Predicted
2025-05-01 11:18:26.018993,VibSensorFail,Normal,OK,OK,0,31,Normal_Predicted,Normal_Predicted,Normal_Predicted
2025-05-01 11:18:27.018993,VibSensorFail,Normal,OK,OK,0,32,Normal_Predicted,Normal_Predicted,Normal_Predicted
2025-05-01 11:18:28.018993,VibSensorFail,Normal,OK,OK,0,33,Normal_Predicted,Normal_Predicted,Normal_Predicted
2025-05-01 11:18:29.018993,VibSensorFail,Normal,OK,OK,0,34,Normal_Predicted,Normal_Predicted,Normal_Predicted
2025-05-01 11:18:30.018993,VibSensorFail,Normal,OK,OK,0,35,Normal_Predicted,Normal_Predicted,Normal_Predicted
2025-05-01 11:18:31.018993,VibSensorFail,Normal,OK,OK,0,36,Normal_Predicted,Normal_Predicted,Normal_Predicted
2025-05-01 11:18:32.018993,VibSensorFail,Normal,OK,OK,0,37,Normal_Predicted,Normal_Predicted,Normal_Predicted
2025-05-01 11:18:33.018993,VibSensorFail,Normal,OK,OK,0,38,Normal_Predicted,Normal_Predicted,Normal_Predicted
2025-05-01 11:18:34.018993,VibSensorFail,Normal,OK,OK,0,39,Normal_Predicted,Normal_Predicted,Normal_Predicted
2025-05-01 11:18:35.018993,VibSensorFail,Normal,OK,OK,0,40,Normal_Predicted,Normal_Predicted,Normal_Predicted
2025-05-01 11:18:36.018993,VibSensorFail,Normal,OK,OK,0,41,Normal_Predicted,Normal_Predicted,Normal_Predicted
2025-05-01 11:18:37.018993,VibSensorFail,Normal,OK,OK,0,42,Normal_Predicted,Normal_Predicted,Normal_Predicted
2025-05-01 11:18:38.018993,VibSensorFail,Normal,OK,OK,0,43,Normal_Predicted,Normal_Predicted,Normal_Predicted
2025-05-01 11:18:39.018993,VibSensorFail,Normal,OK,OK,0,44,Normal_Predicted,Normal_Predicted,Normal_Predicted
2025-05-01 11:18:40.018993,VibSensorFail,Normal,OK,OK,0,45,Normal_Predicted,Normal_Predicted,Normal_Predicted
2025-05-01 11:18:41.018993,VibSensorFail,Normal,OK,OK,0,46,Normal_Predicted,Normal_Predicted,Normal_Predicted
2025-05-01 11:18:42.018993,VibSensorFail,Normal,OK,OK,0,47,Normal_Predicted,Normal_Predicted,Normal_Predicted
2025-05-01 11:18:43.018993,VibSensorFail,Normal,OK,OK,0,48,Normal_Predicted,Normal_Predicted,Normal_Predicted
2025-05-01 11:18:44.018993,VibSensorFail,Normal,OK,OK,0,49,Normal_Predicted,Normal_Predicted,Normal_Predicted
2025-05-01 11:18:45.018993,VibSensorFail,Normal,OK,OK,0,50,Normal_Predicted,Normal_Predicted,Normal_Predicted
2025-05-01 11:18:46.018993,VibSensorFail,Normal,OK,OK,0,51,Normal_Predicted,Normal_Predicted,Normal_Predicted
2025-05-01 11:18:47.018993,VibSensorFail,Normal,OK,OK,0,52,Normal_Predicted,Normal_Predicted,Normal_Predicted
2025-05-01 11:18:48.018993,VibSensorFail,Normal,OK,OK,0,53,Normal_Predicted,Normal_Predicted,Normal_Predicted
2025-05-01 11:18:49.018993,VibSensorFail,Normal,OK,OK,0,54,Normal_Predicted,Normal_Predicted,Normal_Predicted
2025-05-01 11:18:50.018993,VibSensorFail,Normal,OK,OK,0,55,Normal_Predicted,Normal_Predicted,Normal_Predicted
2025-05-01 11:18:51.018993,VibSensorFail,Normal,OK,OK,0,56,Normal_Predicted,Normal_Predicted,Normal_Predicted
2025-05-01 11:18:52.018993,VibSensorFail,Normal,OK,OK,0,57,Normal_Predicted,Normal_Predicted,Normal_Predicted
2025-05-01 11:18:53.018993,VibSensorFail,Normal,OK,OK,0,58,Normal_Predicted,Normal_Predicted,Normal_Predicted
2025-05-01 11:18:54.018993,VibSensorFail,Normal,OK,OK,0,59,Normal_Predicted,Normal_Predicted,Normal_Predicted
2025-05-01 11:18:55.018993,VibSensorFail,Normal,OK,OK,0,60,Normal_Predicted,BearingWear_Predicted,Normal_Predicted
2025-05-01 11:18:56.018993,VibSensorFail,Normal,OK,OK,0,61,Normal_Predicted,Normal_Predicted,Normal_Predicted
2025-05-01 11:18:57.018993,VibSensorFail,Normal,OK,OK,0,62,Normal_Predicted,Normal_Predicted,Normal_Predicted
2025-05-01 11:18:58.018993,VibSensorFail,Normal,OK,OK,0,63,Normal_Predicted,Normal_Predicted,Normal_Predicted
2025-05-01 11:18:59.018993,VibSensorFail,Normal,OK,OK,0,64,Normal_Predicted,Normal_Predicted,Normal_Predicted
2025-05-01 11:19:00.018993,VibSensorFail,Normal,OK,OK,0,65,Normal_Predicted,Normal_Predicted,Normal_Predicted
2025-05-01 11:19:01.018993,VibSensorFail,Normal,OK,OK,0,66,Normal_Predicted,Normal_Predicted,Normal_Predicted
2025-05-01 11:19:02.018993,VibSensorFail,Normal,OK,OK,0,67,Normal_Predicted,Normal_Predicted,Normal_Predicted
2025-05-01 11:19:03.018993,VibSensorFail,Normal,OK,OK,0,68,Normal_Predicted,Normal_Predicted,Normal_Predicted
2025-05-01 11:19:04.018993,VibSensorFail,Normal,OK,OK,0,69,Normal_Predicted,Normal_Predicted,Normal_Predicted
2025-05-01 11:19:05.018993,VibSensorFail,Normal,OK,OK,0,70,Normal_Predicted,Normal_Predicted,Normal_Predicted
2025-05-01 11:19:06.018993,VibSensorFail,Normal,OK,OK,0,71,Normal_Predicted,Normal_Predicted,Normal_Predicted
2025-05-01 11:19:07.018993,VibSensorFail,Normal,OK,OK,0,72,Normal_Predicted,Normal_Predicted,Normal_Predicted
2025-05-01 11:19:08.018993,VibSensorFail,Normal,OK,OK,0,73,Normal_Predicted,Normal_Predicted,Normal_Predicted
2025-05-01 11:19:09.018993,VibSensorFail,Normal,OK,OK,0,74,Normal_Predicted,Normal_Predicted,Normal_Predicted
2025-05-01 11:19:10.018993,VibSensorFail,Normal,OK,OK,0,75,Normal_Predicted,Normal_Predicted,Normal_Predicted
2025-05-01 11:19:11.018993,VibSensorFail,Normal,OK,OK,0,76,Normal_Predicted,Normal_Predicted,Normal_Predicted
2025-05-01 11:19:12.018993,VibSensorFail,Normal,OK,Degraded,0,77,Normal_Predicted,Normal_Predicted,Normal_Predicted
2025-05-01 11:19:13.018993,VibSensorFail,Normal,OK,Degraded,0,78,Normal_Predicted,Normal_Predicted,Normal_Predicted
2025-05-01 11:19:14.018993,VibSensorFail,Normal,OK,Degraded,0,79,Normal_Predicted,Normal_Predicted,Normal_Predicted
2025-05-01 11:19:15.018993,VibSensorFail,Normal,OK,Degraded,0,80,Normal_Predicted,Normal_Predicted,Normal_Predicted
2025-05-01 11:19:16.018993,VibSensorFail,Normal,OK,Degraded,0,81,Normal_Predicted,Normal_Predicted,Normal_Predicted
2025-05-01 11:19:17.018993,VibSensorFail,Normal,OK,Degraded,0,82,Normal_Predicted,Normal_Predicted,Normal_Predicted
2025-05-01 11:19:18.018993,VibSensorFail,Normal,OK,Degraded,0,83,Normal_Predicted,BearingWear_Predicted,Normal_Predicted
2025-05-01 11:19:19.018993,VibSensorFail,Normal,OK,Degraded,0,84,VibSensorFail_Predicted,BearingWear_Predicted,Normal_Predicted
2025-05-01 11:19:20.018993,VibSensorFail,Normal,OK,Degraded,0,85,Normal_Predicted,Normal_Predicted,Normal_Predicted
2025-05-01 11:19:21.018993,VibSensorFail,Normal,OK,Degraded,0,86,VibSensorFail_Predicted,BearingWear_Predicted,Normal_Predicted
2025-05-01 11:19:22.018993,VibSensorFail,Normal,OK,Degraded,0,87,VibSensorFail_Predicted,BearingWear_Predicted,Normal_Predicted
2025-05-01 11:19:23.018993,VibSensorFail,Normal,OK,Degraded,0,88,VibSensorFail_Predicted,Normal_Predicted,Normal_Predicted
2025-05-01 11:19:24.018993,VibSensorFail,Normal,OK,Degraded,0,89,Normal_Predicted,Normal_Predicted,Normal_Predicted
2025-05-01 11:19:25.018993,VibSensorFail,Normal,OK,Degraded,0,90,Normal_Predicted,Normal_Predicted,Normal_Predicted
2025-05-01 11:19:26.018993,VibSensorFail,Normal,OK,Degraded,0,91,VibSensorFail_Predicted,BearingWear_Predicted,Normal_Predicted
2025-05-01 11:19:27.018993,VibSensorFail,Normal,OK,Failed,0,92,VibSensorFail_Predicted,BearingWear_Predicted,Normal_Predicted
2025-05-01 11:19:28.018993,VibSensorFail,Normal,OK,Failed,0,93,VibSensorFail_Predicted,BearingWear_Predicted,Normal_Predicted
2025-05-01 11:19:29.018993,VibSensorFail,Normal,OK,Failed,0,94,VibSensorFail_Predicted,BearingWear_Predicted,Normal_Predicted
2025-05-01 11:19:30.018993,VibSensorFail,Normal,OK,Failed,0,95,Normal_Predicted,Normal_Predicted,BearingWear_Predicted
2025-05-01 11:19:31.018993,VibSensorFail,Normal,OK,Failed,0,96,VibSensorFail_Predicted,BearingWear_Predicted,BearingWear_Predicted
2025-05-01 11:19:32.018993,VibSensorFail,Normal,OK,Failed,0,97,Normal_Predicted,Normal_Predicted,Normal_Predicted
2025-05-01 11:19:33.018993,VibSensorFail,Normal,OK,Failed,0,98,VibSensorFail_Predicted,BearingWear_Predicted,Normal_Predicted
2025-05-01 11:19:34.018993,VibSensorFail,Normal,OK,Failed,0,99,Normal_Predicted,Normal_Predicted,Normal_Predicted
2025-05-01 11:19:35.018993,VibSensorFail,Normal,OK,Failed,0,100,VibSensorFail_Predicted,BearingWear_Predicted,Normal_Predicted
2025-05-01 11:19:36.018993,VibSensorFail,Normal,OK,Failed,0,101,VibSensorFail_Predicted,BearingWear_Predicted,Normal_Predicted
2025-05-01 11:19:37.018993,VibSensorFail,Normal,OK,Failed,0,102,VibSensorFail_Predicted,BearingWear_Predicted,Normal_Predicted
2025-05-01 11:19:38.018993,VibSensorFail,Normal,OK,Failed,0,103,VibSensorFail_Predicted,BearingWear_Predicted,Normal_Predicted
2025-05-01 11:19:39.018993,VibSensorFail,Normal,OK,Failed,0,104,VibSensorFail_Predicted,BearingWear_Predicted,BearingWear_Predicted
2025-05-01 11:19:40.018993,VibSensorFail,Normal,OK,Failed,0,105,VibSensorFail_Predicted,BearingWear_Predicted,BearingWear_Predicted
2025-05-01 11:19:41.018993,VibSensorFail,Normal,OK,Failed,0,106,VibSensorFail_Predicted,BearingWear_Predicted,BearingWear_Predicted
2025-05-01 11:19:42.018993,VibSensorFail,Normal,OK,Failed,0,107,VibSensorFail_Predicted,BearingWear_Predicted,BearingWear_Predicted
2025-05-01 11:19:43.018993,VibSensorFail,Normal,OK,Failed,0,108,VibSensorFail_Predicted,OilLeak_Predicted,BearingWear_Predicted
2025-05-01 11:19:44.018993,VibSensorFail,Normal,OK,Failed,0,109,Normal_Predicted,OilLeak_Predicted,BearingWear_Predicted
2025-05-01 11:19:45.018993,VibSensorFail,Normal,OK,Failed,0,110,VibSensorFail_Predicted,OilLeak_Predicted,BearingWear_Predicted
2025-05-01 11:19:46.018993,VibSensorFail,Normal,OK,Failed,0,111,Normal_Predicted,OilLeak_Predicted,Normal_Predicted
2025-05-01 11:19:47.018993,VibSensorFail,Normal,OK,Failed,0,112,VibSensorFail_Predicted,OilLeak_Predicted,Normal_Predicted
2025-05-01 11:19:48.018993,VibSensorFail,Normal,OK,Failed,0,113,Normal_Predicted,OilLeak_Predicted,Normal_Predicted
2025-05-01 11:19:49.018993,VibSensorFail,Normal,OK,Failed,0,114,VibSensorFail_Predicted,OilLeak_Predicted,Normal_Predicted
2025-05-01 11:19:50.018993,VibSensorFail,Normal,OK,Failed,0,115,VibSensorFail_Predicted,OilLeak_Predicted,Normal_Predicted
2025-05-01 11:19:51.018993,VibSensorFail,Normal,OK,Failed,0,116,VibSensorFail_Predicted,OilLeak_Predicted,Normal_Predicted
2025-05-01 11:19:52.018993,VibSensorFail,Normal,OK,Failed,0,117,VibSensorFail_Predicted,OilLeak_Predicted,Normal_Predicted
2025-05-01 11:19:53.018993,VibSensorFail,Normal,OK,Failed,0,118,Normal_Predicted,OilLeak_Predicted,BearingWear_Predicted
2025-05-01 11:19:54.018993,VibSensorFail,Normal,OK,Failed,0,119,VibSensorFail_Predicted,OilLeak_Predicted,BearingWear_Predicted
